{
    "metadata":{
        "version":3,
        "normal":312,
        "position":312,
        "type":"BufferGeometry",
        "generator":"io_three"
    },
    "data":{
        "index":{
            "array":[0,1,2,3,4,5,6,7,8,9,10,11,12,13,14,15,16,17,18,19,20,21,22,23,24,25,26,27,28,29,30,31,32,33,34,35,36,37,38,39,40,41,42,43,44,45,46,47,48,49,50,51,52,53,54,55,56,57,58,59,60,61,62,63,64,65,66,67,68,69,70,71,72,73,74,75,76,77,78,79,80,81,82,83,84,85,86,87,88,89,90,91,92,93,94,95,96,97,98,99,100,101,102,103,104,105,106,107,108,109,110,111,112,113,114,115,116,117,118,119,120,121,122,123,124,125,126,127,128,129,130,131,132,133,134,135,136,137,138,139,140,141,142,143,144,145,146,147,148,149,150,151,152,153,154,155,156,157,158,159,160,161,162,163,164,165,166,167,168,169,170,171,172,173,174,175,176,177,178,179,180,181,182,183,184,185,186,187,188,189,190,191,192,193,194,194,195,192,196,197,198,199,200,201,92,202,203,204,205,206,207,208,90,209,210,90,90,211,212,213,214,215,215,216,217,217,218,219,91,220,221,221,222,91,223,224,225,226,227,192,228,229,230,196,198,192,92,231,207,208,209,90,232,213,219,233,234,91,91,222,235,236,237,238,239,240,241,92,207,90,212,233,91,242,243,244,245,246,247,248,249,250,251,252,253,254,255,256,256,257,258,258,259,260,260,261,258,262,263,264,265,266,267,268,269,270,271,272,273,273,274,275,275,276,277,278,279,280,281,282,283,283,284,285,286,287,288,289,290,254,291,292,293,254,256,262,258,261,262,262,294,295,296,297,298,299,300,301,302,303,304,283,285,254,290,305,254,256,258,262,306,307,308,309,310,311,285,289,254,254,262,283],
            "type":"Uint16Array",
            "itemSize":1
        },
        "groups":[{
            "count":372,
            "materialIndex":0,
            "start":0
        }],
        "attributes":{
            "normal":{
                "array":[0.0980179,0,-0.995185,0.0980179,0,-0.995185,0.0980179,0,-0.995185,0.290285,-1.1402e-07,-0.95694,0.290285,-1.1402e-07,-0.95694,0.290285,-1.1402e-07,-0.95694,0.471396,-1.04518e-07,-0.881921,0.471396,-1.04518e-07,-0.881921,0.471396,-1.04518e-07,-0.881921,0.634393,-4.75081e-08,-0.773011,0.634393,-4.75081e-08,-0.773011,0.634393,-4.75081e-08,-0.773011,0.773011,-3.80065e-08,-0.634393,0.773011,-3.80065e-08,-0.634393,0.773011,-3.80065e-08,-0.634393,0.881921,-2.85049e-08,-0.471397,0.881921,-2.85049e-08,-0.471397,0.881921,-2.85049e-08,-0.471397,0.95694,-1.66279e-08,-0.290285,0.95694,-1.66279e-08,-0.290285,0.95694,-1.66279e-08,-0.290285,0.995185,-5.93852e-09,-0.0980173,0.995185,-5.93852e-09,-0.0980173,0.995185,-5.93852e-09,-0.0980173,0.995185,5.93852e-09,0.0980167,0.995185,5.93852e-09,0.0980167,0.995185,5.93852e-09,0.0980167,0.95694,9.50163e-09,0.290285,0.95694,9.50163e-09,0.290285,0.95694,9.50163e-09,0.290285,0.881921,0,0.471397,0.881921,0,0.471397,0.881921,0,0.471397,0.773011,3.80065e-08,0.634393,0.773011,3.80065e-08,0.634393,0.773011,3.80065e-08,0.634393,0.634393,4.75081e-08,0.77301,0.634393,4.75081e-08,0.77301,0.634393,4.75081e-08,0.77301,0.471397,5.22589e-08,0.881921,0.471397,5.22589e-08,0.881921,0.471397,5.22589e-08,0.881921,0.290284,5.70097e-08,0.95694,0.290284,5.70097e-08,0.95694,0.290284,5.70097e-08,0.95694,0.0980167,5.87913e-08,0.995185,0.0980167,5.87913e-08,0.995185,0.0980167,5.87913e-08,0.995185,-0.0980173,2.96926e-08,0.995185,-0.0980173,2.96926e-08,0.995185,-0.0980173,2.96926e-08,0.995185,-0.290285,5.70098e-08,0.95694,-0.290285,5.70098e-08,0.95694,-0.290285,5.70098e-08,0.95694,-0.471397,5.22589e-08,0.881921,-0.471397,5.22589e-08,0.881921,-0.471397,5.22589e-08,0.881921,-0.634394,4.75081e-08,0.77301,-0.634394,4.75081e-08,0.77301,-0.634394,4.75081e-08,0.77301,-0.773011,3.32557e-08,0.634393,-0.773011,3.32557e-08,0.634393,-0.773011,3.32557e-08,0.634393,-0.881922,2.85049e-08,0.471396,-0.881922,2.85049e-08,0.471396,-0.881922,2.85049e-08,0.471396,-0.956941,0,0.290284,-0.956941,0,0.290284,-0.956941,0,0.290284,-0.995185,5.93851e-09,0.0980163,-0.995185,5.93851e-09,0.0980163,-0.995185,5.93851e-09,0.0980163,-0.995185,0,-0.0980182,-0.995185,0,-0.0980182,-0.995185,0,-0.0980182,-0.95694,-1.66278e-08,-0.290286,-0.95694,-1.66278e-08,-0.290286,-0.95694,-1.66278e-08,-0.290286,-0.881921,0,-0.471398,-0.881921,0,-0.471398,-0.881921,0,-0.471398,-0.773009,-3.80065e-08,-0.634395,-0.773009,-3.80065e-08,-0.634395,-0.773009,-3.80065e-08,-0.634395,-0.634392,-9.50163e-08,-0.773011,-0.634392,-9.50163e-08,-0.773011,-0.634392,-9.50163e-08,-0.773011,-0.471396,-1.04518e-07,-0.881922,-0.471396,-1.04518e-07,-0.881922,-0.471396,-1.04518e-07,-0.881922,0,1,-0,0,1,-0,0,1,-0,-0.290282,0,-0.956941,-0.290282,0,-0.956941,-0.290282,0,-0.956941,-0.0980174,-1.18177e-07,-0.995185,-0.0980174,-1.18177e-07,-0.995185,-0.0980174,-1.18177e-07,-0.995185,1.16283e-08,-1,5.84593e-08,1.16283e-08,-1,5.84593e-08,1.16283e-08,-1,5.84593e-08,0.0980167,-1.18635e-07,-0.995185,0.0980167,-1.18635e-07,-0.995185,0.0980167,-1.18635e-07,-0.995185,0.290285,-1.14076e-07,-0.95694,0.290285,-1.14076e-07,-0.95694,0.290285,-1.14076e-07,-0.95694,0.471397,-5.25666e-08,-0.881921,0.471397,-5.25666e-08,-0.881921,0.471397,-5.25666e-08,-0.881921,0.634393,-4.6075e-08,-0.773011,0.634393,-4.6075e-08,-0.773011,0.634393,-4.6075e-08,-0.773011,0.773011,-3.78128e-08,-0.634393,0.773011,-3.78128e-08,-0.634393,0.773011,-3.78128e-08,-0.634393,0.881921,-2.80974e-08,-0.471397,0.881921,-2.80974e-08,-0.471397,0.881921,-2.80974e-08,-0.471397,0.95694,-1.73023e-08,-0.290285,0.95694,-1.73023e-08,-0.290285,0.95694,-1.73023e-08,-0.290285,0.995185,-5.84229e-09,-0.0980173,0.995185,-5.84229e-09,-0.0980173,0.995185,-5.84229e-09,-0.0980173,0.995185,2.92113e-09,0.0980167,0.995185,2.92113e-09,0.0980167,0.995185,2.92113e-09,0.0980167,0.95694,-0,0.290285,0.95694,-0,0.290285,0.95694,-0,0.290285,0.881921,2.80974e-08,0.471397,0.881921,2.80974e-08,0.471397,0.881921,2.80974e-08,0.471397,0.773011,3.78128e-08,0.634393,0.773011,3.78128e-08,0.634393,0.773011,3.78128e-08,0.634393,0.634393,4.6075e-08,0.77301,0.634393,4.6075e-08,0.77301,0.634393,4.6075e-08,0.77301,0.471397,5.25666e-08,0.881921,0.471397,5.25666e-08,0.881921,0.471397,5.25666e-08,0.881921,0.290284,5.70381e-08,0.95694,0.290284,5.70381e-08,0.95694,0.290284,5.70381e-08,0.95694,0.098017,2.96588e-08,0.995185,0.098017,2.96588e-08,0.995185,0.098017,2.96588e-08,0.995185,-0.0980176,5.93176e-08,0.995185,-0.0980176,5.93176e-08,0.995185,-0.0980176,5.93176e-08,0.995185,-0.290285,5.70381e-08,0.95694,-0.290285,5.70381e-08,0.95694,-0.290285,5.70381e-08,0.95694,-0.471397,5.25666e-08,0.881921,-0.471397,5.25666e-08,0.881921,-0.471397,5.25666e-08,0.881921,-0.634394,4.6075e-08,0.77301,-0.634394,4.6075e-08,0.77301,-0.634394,4.6075e-08,0.77301,-0.773011,3.78128e-08,0.634393,-0.773011,3.78128e-08,0.634393,-0.773011,3.78128e-08,0.634393,-0.881922,0,0.471396,-0.881922,0,0.471396,-0.881922,0,0.471396,-0.956941,1.73023e-08,0.290284,-0.956941,1.73023e-08,0.290284,-0.956941,1.73023e-08,0.290284,-0.995185,0,0.0980164,-0.995185,0,0.0980164,-0.995185,0,0.0980164,-0.995185,-5.84234e-09,-0.0980181,-0.995185,-5.84234e-09,-0.0980181,-0.995185,-5.84234e-09,-0.0980181,-0.95694,0,-0.290286,-0.95694,0,-0.290286,-0.95694,0,-0.290286,-0.881921,-2.80975e-08,-0.471398,-0.881921,-2.80975e-08,-0.471398,-0.881921,-2.80975e-08,-0.471398,-0.77301,-7.56257e-08,-0.634394,-0.77301,-7.56257e-08,-0.634394,-0.77301,-7.56257e-08,-0.634394,-0.634392,-9.21501e-08,-0.773011,-0.634392,-9.21501e-08,-0.773011,-0.634392,-9.21501e-08,-0.773011,-0.471395,0,-0.881922,-0.471395,0,-0.881922,-0.471395,0,-0.881922,0,1,0,0,1,0,0,1,0,0,1,0,0,1,0,0,1,0,0,1,0,2.74898e-06,1,1.46936e-06,2.74898e-06,1,1.46936e-06,2.74898e-06,1,1.46936e-06,0,1,0,0,1,0,0,1,0,0,1,0,0,1,0,0,1,0,0,1,0,0,1,0,0,1,0,0,1,0,0,1,0,0,1,0,0,1,0,0,1,0,0,1,0,0,1,0,0,1,0,0,1,0,0,1,0,0,1,0,-0,1,0,-2.74898e-06,1,1.46936e-06,-2.74898e-06,1,1.46936e-06,-2.74898e-06,1,1.46936e-06,0,1,0,0,1,0,-0,1,0,-0,1,0,-0,1,0,0,1,0,0,1,0,0,1,0,0,1,0,0,1,-0,-5.49928e-07,1,8.56537e-14,-5.49928e-07,1,8.56537e-14,-5.49928e-07,1,8.56537e-14,-8.42934e-08,1,-4.23773e-07,-8.42934e-08,1,-4.23773e-07,-8.42934e-08,1,-4.23773e-07,8.42937e-08,1,-1.26154e-07,